KS rank,,,,,,,FDR rank,,,,,
,KS,FDR,KS rank,FDR rank,Average rank,,,KS,FDR,KS rank,FDR rank,Average rank
fraud_label,1,1,291,291,291,,fraud_label,1,1,291,291,291
address_lag30_count,0.332724781,0.353299669,290,289,289.5,,addr_lag30_count,0.332032011,0.354953857,289,290,289.5
addr_lag30_count,0.332032011,0.354953857,289,290,289.5,,address_lag30_count,0.332724781,0.353299669,290,289,289.5
address_#days_since,0.324626868,0.348075919,288,287,287.5,,addr_#days_since,0.32354273,0.349381856,287,288,287.5
addr_#days_since,0.32354273,0.349381856,287,288,287.5,,address_#days_since,0.324626868,0.348075919,288,287,287.5
address_lag14_count,0.322252102,0.345812293,286,286,286,,address_lag14_count,0.322252102,0.345812293,286,286,286
addr_lag14_count,0.321755522,0.342329793,285,285,285,,addr_lag14_count,0.321755522,0.342329793,285,285,285
address_lag7_count,0.301444883,0.320999478,284,284,284,,address_lag7_count,0.301444883,0.320999478,284,284,284
addr_lag7_count,0.301367937,0.319954727,283,283,283,,addr_lag7_count,0.301367937,0.319954727,283,283,283
addr_lag3_count,0.278487815,0.2974926,282,281,281.5,,address_lag3_count,0.278445242,0.299059725,281,282,281.5
address_lag3_count,0.278445242,0.299059725,281,282,281.5,,addr_lag3_count,0.278487815,0.2974926,282,281,281.5
address_lag1_count,0.249267447,0.268936096,280,280,280,,address_lag1_count,0.249267447,0.268936096,280,280,280
addr_lag1_count,0.249083475,0.267717221,279,279,279,,addr_lag1_count,0.249083475,0.267717221,279,279,279
addr-homephone_lag30_count,0.228954098,0.255702594,278,278,278,,addr-homephone_lag30_count,0.228954098,0.255702594,278,278,278
ssn-dob_lag30_count,0.228512129,0.254744907,277,277,277,,ssn-dob_lag30_count,0.228512129,0.254744907,277,277,277
name-dob_lag30_count,0.227622633,0.254222532,276,276,276,,name-dob_lag30_count,0.227622633,0.254222532,276,276,276
ssn_lag30_count,0.22702742,0.253526032,275,275,275,,ssn_lag30_count,0.22702742,0.253526032,275,275,275
ssn-name-dob_lag30_count,0.226202009,0.252394219,274,274,274,,ssn-name-dob_lag30_count,0.226202009,0.252394219,274,274,274
addr-homephone_#days_since,0.226167223,0.248302281,273,270,271.5,,ssn-firstname_lag30_count,0.226098722,0.252307157,272,273,272.5
ssn-firstname_lag30_count,0.226098722,0.252307157,272,273,272.5,,ssn-lastname_lag30_count,0.226009107,0.252133032,271,272,271.5
ssn-lastname_lag30_count,0.226009107,0.252133032,271,272,271.5,,ssn-name_lag30_count,0.224987057,0.251697719,270,271,270.5
ssn-name_lag30_count,0.224987057,0.251697719,270,271,270.5,,addr-homephone_#days_since,0.226167223,0.248302281,273,270,271.5
ssn-dob_#days_since,0.21963688,0.243339718,269,268,268.5,,addr-homephone_lag14_count,0.218905704,0.245255093,267,269,268
name-dob_#days_since,0.21929018,0.243252655,268,267,267.5,,ssn-dob_#days_since,0.21963688,0.243339718,269,268,268.5
addr-homephone_lag14_count,0.218905704,0.245255093,267,269,268,,name-dob_#days_since,0.21929018,0.243252655,268,267,267.5
ssn_#days_since,0.218524488,0.242643218,266,266,266,,ssn_#days_since,0.218524488,0.242643218,266,266,266
address_lag1_lag30_avg,0.218396478,0.173602647,265,197,231,,ssn-firstname_#days_since,0.217754873,0.241772593,264,265,264.5
ssn-firstname_#days_since,0.217754873,0.241772593,264,265,264.5,,name-dob_lag14_count,0.215317361,0.241598468,259,264,261.5
ssn-name-dob_#days_since,0.217635445,0.241424343,263,263,263,,ssn-name-dob_#days_since,0.217635445,0.241424343,263,263,263
ssn-lastname_#days_since,0.217486028,0.241163155,262,262,262,,ssn-lastname_#days_since,0.217486028,0.241163155,262,262,262
ssn-name_#days_since,0.216699639,0.240814905,261,261,261,,ssn-name_#days_since,0.216699639,0.240814905,261,261,261
addr_lag1_lag30_avg,0.216303871,0.183527773,260,214,237,,ssn-dob_lag14_count,0.214857525,0.24029253,258,260,259
name-dob_lag14_count,0.215317361,0.241598468,259,264,261.5,,ssn_lag14_count,0.214434065,0.240205468,257,259,258
ssn-dob_lag14_count,0.214857525,0.24029253,258,260,259,,ssn-name-dob_lag14_count,0.21351813,0.240031343,254,258,256
ssn_lag14_count,0.214434065,0.240205468,257,259,258,,name_lag30_count,0.213916261,0.239770155,256,257,256.5
name_lag30_count,0.213916261,0.239770155,256,257,256.5,,ssn-lastname_lag14_count,0.213395879,0.23959603,253,256,254.5
ssn-firstname_lag14_count,0.213822257,0.239334842,255,255,255,,ssn-firstname_lag14_count,0.213822257,0.239334842,255,255,255
ssn-name-dob_lag14_count,0.21351813,0.240031343,254,258,256,,ssn-name_lag14_count,0.213006513,0.23855128,252,254,253
ssn-lastname_lag14_count,0.213395879,0.23959603,253,256,254.5,,address_lag1_lag14_avg,0.210770788,0.237419467,251,253,252
ssn-name_lag14_count,0.213006513,0.23855128,252,254,253,,addr_lag1_lag14_avg,0.209092438,0.235242904,250,252,251
address_lag1_lag14_avg,0.210770788,0.237419467,251,253,252,,addr-homephone_lag7_count,0.199750944,0.225317778,247,251,249
addr_lag1_lag14_avg,0.209092438,0.235242904,250,252,251,,name-dob_lag7_count,0.194062434,0.220094028,244,250,247
name_#days_since,0.205258941,0.210168901,249,242,245.5,,ssn-dob_lag7_count,0.19312772,0.219223402,243,249,246
name_lag14_count,0.204486824,0.210865401,248,243,245.5,,ssn_lag7_count,0.193036009,0.218613965,242,248,245
addr-homephone_lag7_count,0.199750944,0.225317778,247,251,249,,ssn-name-dob_lag7_count,0.192460575,0.218526902,239,247,243
homephone_lag3_count,0.194922823,0.204771026,246,234,240,,ssn-firstname_lag7_count,0.192672899,0.21843984,241,246,243.5
homephone_lag7_count,0.194197519,0.208253526,245,237,241,,ssn-lastname_lag7_count,0.192597323,0.218352777,240,245,242.5
name-dob_lag7_count,0.194062434,0.220094028,244,250,247,,ssn-name_lag7_count,0.192357833,0.21809159,238,244,241
ssn-dob_lag7_count,0.19312772,0.219223402,243,249,246,,name_lag14_count,0.204486824,0.210865401,248,243,245.5
ssn_lag7_count,0.193036009,0.218613965,242,248,245,,name_#days_since,0.205258941,0.210168901,249,242,245.5
ssn-firstname_lag7_count,0.192672899,0.21843984,241,246,243.5,,address_lag1_lag7_avg,0.185146505,0.209907714,232,241,236.5
ssn-lastname_lag7_count,0.192597323,0.218352777,240,245,242.5,,addr_lag1_lag7_avg,0.185151882,0.209733589,233,240,236.5
ssn-name-dob_lag7_count,0.192460575,0.218526902,239,247,243,,name_lag7_count,0.188519448,0.209646526,236,239,237.5
ssn-name_lag7_count,0.192357833,0.21809159,238,244,241,,address_lag0_count,0.186847363,0.208427651,235,238,236.5
homephone_lag14_count,0.189357075,0.2018109,237,233,235,,homephone_lag7_count,0.194197519,0.208253526,245,237,241
name_lag7_count,0.188519448,0.209646526,236,239,237.5,,addr_lag0_count,0.186814634,0.208166464,234,236,235
address_lag0_count,0.186847363,0.208427651,235,238,236.5,,addr-homephone_lag3_count,0.179292071,0.205206338,229,235,232
addr_lag0_count,0.186814634,0.208166464,234,236,235,,homephone_lag3_count,0.194922823,0.204771026,246,234,240
addr_lag1_lag7_avg,0.185151882,0.209733589,233,240,236.5,,homephone_lag14_count,0.189357075,0.2018109,237,233,235
address_lag1_lag7_avg,0.185146505,0.209907714,232,241,236.5,,ssn-firstname_lag3_count,0.172087853,0.1997214,223,232,227.5
homephone_lag30_count,0.180429739,0.172993209,231,196,213.5,,name-dob_lag3_count,0.172656631,0.198850775,225,231,228
dob_lag30_count,0.18013372,0.169423646,230,192,211,,ssn_lag3_count,0.17210244,0.1983284,224,230,227
addr-homephone_lag3_count,0.179292071,0.205206338,229,235,232,,name_lag3_count,0.169737725,0.198241337,218,228.5,223.25
homephone_#days_since,0.179188926,0.109611701,227.5,156,191.75,,ssn-dob_lag3_count,0.17205868,0.198241337,222,228.5,225.25
homephone_lag1_count,0.179188926,0.194845899,227.5,224,225.75,,ssn-lastname_lag3_count,0.171913728,0.198067212,220,226.5,223.25
dob_lag14_count,0.173889982,0.170903709,226,194,210,,ssn-name_lag3_count,0.171927768,0.198067212,221,226.5,223.75
name-dob_lag3_count,0.172656631,0.198850775,225,231,228,,ssn-name-dob_lag3_count,0.171814085,0.19798015,219,225,222
ssn_lag3_count,0.17210244,0.1983284,224,230,227,,homephone_lag1_count,0.179188926,0.194845899,227.5,224,225.75
ssn-firstname_lag3_count,0.172087853,0.1997214,223,232,227.5,,ssn-dob_lag1_lag30_avg,0.16122247,0.189883336,216,223,219.5
ssn-dob_lag3_count,0.17205868,0.198241337,222,228.5,225.25,,name-dob_lag1_lag30_avg,0.160509652,0.189099774,214,222,218
ssn-name_lag3_count,0.171927768,0.198067212,221,226.5,223.75,,ssn_lag1_lag30_avg,0.15971424,0.187445586,212,220.5,216.25
ssn-lastname_lag3_count,0.171913728,0.198067212,220,226.5,223.25,,addr-homephone_lag1_lag30_avg,0.159727093,0.187445586,213,220.5,216.75
ssn-name-dob_lag3_count,0.171814085,0.19798015,219,225,222,,ssn-firstname_lag1_lag30_avg,0.158770227,0.186662023,210,218.5,214.25
name_lag3_count,0.169737725,0.198241337,218,228.5,223.25,,ssn-name_lag1_lag30_avg,0.157740519,0.186662023,208,218.5,213.25
dob_lag7_count,0.161561738,0.171687271,217,195,206,,ssn-lastname_lag1_lag30_avg,0.158768951,0.186400836,209,217,213
ssn-dob_lag1_lag30_avg,0.16122247,0.189883336,216,223,219.5,,ssn-name-dob_lag1_lag30_avg,0.158990479,0.185791398,211,216,213.5
dob_#days_since,0.16059861,0.11892739,215,166,190.5,,addr-homephone_lag1_count,0.157626905,0.184224273,206,215,210.5
name-dob_lag1_lag30_avg,0.160509652,0.189099774,214,222,218,,addr_lag1_lag30_avg,0.216303871,0.183527773,260,214,237
addr-homephone_lag1_lag30_avg,0.159727093,0.187445586,213,220.5,216.75,,ssn-dob_lag1_lag14_avg,0.150096508,0.17960996,203,213,208
ssn_lag1_lag30_avg,0.15971424,0.187445586,212,220.5,216.25,,addr-homephone_lag1_lag14_avg,0.150729831,0.178739335,204,212,208
ssn-name-dob_lag1_lag30_avg,0.158990479,0.185791398,211,216,213.5,,ssn-lastname_lag1_lag14_avg,0.148686917,0.178652272,195,211,203
ssn-firstname_lag1_lag30_avg,0.158770227,0.186662023,210,218.5,214.25,,name-dob_lag1_lag14_avg,0.150733022,0.177955772,205,210,207.5
ssn-lastname_lag1_lag30_avg,0.158768951,0.186400836,209,217,213,,ssn_lag1_lag14_avg,0.149655909,0.17786871,202,209,205.5
ssn-name_lag1_lag30_avg,0.157740519,0.186662023,208,218.5,213.25,,name_lag1_count,0.148063619,0.177346335,189,208,198.5
dob_lag3_count,0.15771749,0.170207209,207,193,200,,ssn-name_lag1_lag14_avg,0.14829117,0.17717221,190,207,198.5
addr-homephone_lag1_count,0.157626905,0.184224273,206,215,210.5,,ssn-firstname_lag1_lag14_avg,0.149024956,0.176998085,200,206,203
name-dob_lag1_lag14_avg,0.150733022,0.177955772,205,210,207.5,,name-dob_lag1_count,0.148751087,0.175605084,198,205,201.5
addr-homephone_lag1_lag14_avg,0.150729831,0.178739335,204,212,208,,ssn-dob_lag1_count,0.148578239,0.175518022,192,203.5,197.75
ssn-dob_lag1_lag14_avg,0.150096508,0.17960996,203,213,208,,ssn-name-dob_lag1_lag14_avg,0.148835241,0.175518022,199,203.5,201.25
ssn_lag1_lag14_avg,0.149655909,0.17786871,202,209,205.5,,ssn-name-dob_lag1_count,0.148501387,0.175430959,191,201,196
homephone_lag0_count,0.14914324,0.149573394,201,180,190.5,,ssn-firstname_lag1_count,0.148700309,0.175430959,196,201,198.5
ssn-firstname_lag1_lag14_avg,0.149024956,0.176998085,200,206,203,,ssn_lag1_count,0.148704411,0.175430959,197,201,199
ssn-name-dob_lag1_lag14_avg,0.148835241,0.175518022,199,203.5,201.25,,ssn-name_lag1_count,0.148619628,0.175343897,194,198.5,196.25
name-dob_lag1_count,0.148751087,0.175605084,198,205,201.5,,ssn-lastname_lag1_count,0.148613246,0.175343897,193,198.5,195.75
ssn_lag1_count,0.148704411,0.175430959,197,201,199,,address_lag1_lag30_avg,0.218396478,0.173602647,265,197,231
ssn-firstname_lag1_count,0.148700309,0.175430959,196,201,198.5,,homephone_lag30_count,0.180429739,0.172993209,231,196,213.5
ssn-lastname_lag1_lag14_avg,0.148686917,0.178652272,195,211,203,,dob_lag7_count,0.161561738,0.171687271,217,195,206
ssn-name_lag1_count,0.148619628,0.175343897,194,198.5,196.25,,dob_lag14_count,0.173889982,0.170903709,226,194,210
ssn-lastname_lag1_count,0.148613246,0.175343897,193,198.5,195.75,,dob_lag3_count,0.15771749,0.170207209,207,193,200
ssn-dob_lag1_count,0.148578239,0.175518022,192,203.5,197.75,,dob_lag30_count,0.18013372,0.169423646,230,192,211
ssn-name-dob_lag1_count,0.148501387,0.175430959,191,201,196,,addr_lag1_lag3_avg,0.138654572,0.166202333,185,191,188
ssn-name_lag1_lag14_avg,0.14829117,0.17717221,190,207,198.5,,address_lag1_lag3_avg,0.138528127,0.166115271,184,190,187
name_lag1_count,0.148063619,0.177346335,189,208,198.5,,addr-homephone_lag1_lag7_avg,0.128011889,0.155580707,183,189,186
name_lag1_lag30_avg,0.142789439,0.135295142,188,177,182.5,,name-dob_lag1_lag7_avg,0.125392538,0.153926519,182,188,185
dob_lag1_count,0.142622324,0.150792269,187,181,184,,ssn_lag1_lag7_avg,0.124269569,0.153055894,180,187,183.5
name_lag1_lag14_avg,0.141516374,0.111440014,186,157,171.5,,ssn-dob_lag1_lag7_avg,0.124369485,0.152968832,181,186,183.5
addr_lag1_lag3_avg,0.138654572,0.166202333,185,191,188,,ssn-name_lag1_lag7_avg,0.123643995,0.152881769,176,185,180.5
address_lag1_lag3_avg,0.138528127,0.166115271,184,190,187,,ssn-firstname_lag1_lag7_avg,0.12387838,0.152794707,178,183.5,180.75
addr-homephone_lag1_lag7_avg,0.128011889,0.155580707,183,189,186,,ssn-lastname_lag1_lag7_avg,0.123889867,0.152794707,179,183.5,181.25
name-dob_lag1_lag7_avg,0.125392538,0.153926519,182,188,185,,ssn-name-dob_lag1_lag7_avg,0.123779192,0.152446457,177,182,179.5
ssn-dob_lag1_lag7_avg,0.124369485,0.152968832,181,186,183.5,,dob_lag1_count,0.142622324,0.150792269,187,181,184
ssn_lag1_lag7_avg,0.124269569,0.153055894,180,187,183.5,,homephone_lag0_count,0.14914324,0.149573394,201,180,190.5
ssn-lastname_lag1_lag7_avg,0.123889867,0.152794707,179,183.5,181.25,,name_lag1_lag7_avg,0.121349849,0.148963956,175,179,177
ssn-firstname_lag1_lag7_avg,0.12387838,0.152794707,178,183.5,180.75,,addr-homephone_lag0_count,0.115963072,0.14391433,172,178,175
ssn-name-dob_lag1_lag7_avg,0.123779192,0.152446457,177,182,179.5,,name_lag1_lag30_avg,0.142789439,0.135295142,188,177,182.5
ssn-name_lag1_lag7_avg,0.123643995,0.152881769,176,185,180.5,,name_lag0_count,0.107145966,0.135121017,171,176,173.5
name_lag1_lag7_avg,0.121349849,0.148963956,175,179,177,,ssn_lag0_count,0.107092906,0.134946892,170,175,172.5
dob_lag1_lag14_avg,0.119389464,0.054239944,174,61,117.5,,ssn-firstname_lag0_count,0.107039027,0.134859829,169,174,171.5
dob_lag1_lag7_avg,0.119221357,0.055720007,173,63,118,,name-dob_lag0_count,0.106992807,0.134772767,167.5,171.5,169.5
addr-homephone_lag0_count,0.115963072,0.14391433,172,178,175,,ssn-dob_lag0_count,0.106992807,0.134772767,167.5,171.5,169.5
name_lag0_count,0.107145966,0.135121017,171,176,173.5,,ssn-name_lag0_count,0.106953241,0.134772767,166,171.5,168.75
ssn_lag0_count,0.107092906,0.134946892,170,175,172.5,,ssn-lastname_lag0_count,0.106951965,0.134772767,165,171.5,168.25
ssn-firstname_lag0_count,0.107039027,0.134859829,169,174,171.5,,ssn-name-dob_lag0_count,0.106909573,0.134685704,164,169,166.5
name-dob_lag0_count,0.106992807,0.134772767,167.5,171.5,169.5,,dob_lag0_count,0.102196467,0.124934703,162,168,165
ssn-dob_lag0_count,0.106992807,0.134772767,167.5,171.5,169.5,,addr-homephone_lag1_lag3_avg,0.091400231,0.120059203,158,167,162.5
ssn-name_lag0_count,0.106953241,0.134772767,166,171.5,168.75,,dob_#days_since,0.16059861,0.11892739,215,166,190.5
ssn-lastname_lag0_count,0.106951965,0.134772767,165,171.5,168.25,,name-dob_lag1_lag3_avg,0.08913223,0.118840327,157,165,161
ssn-name-dob_lag0_count,0.106909573,0.134685704,164,169,166.5,,ssn_lag1_lag3_avg,0.088678594,0.118492077,156,164,160
homephone_lag1_lag7_avg,0.104764173,0.047710256,163,59,111,,ssn-firstname_lag1_lag3_avg,0.088614231,0.118405015,154,163,158.5
dob_lag0_count,0.102196467,0.124934703,162,168,165,,ssn-name_lag1_lag3_avg,0.088534826,0.118317952,153,161,157
dob_lag1_lag30_avg,0.099828238,0.056068257,161,64,112.5,,ssn-lastname_lag1_lag3_avg,0.088527169,0.118317952,152,161,156.5
homephone_lag1_lag3_avg,0.09683686,0.054849382,160,62,111,,ssn-dob_lag1_lag3_avg,0.088620065,0.118317952,155,161,158
dob_lag1_lag3_avg,0.092115968,0.050060944,159,60,109.5,,ssn-name-dob_lag1_lag3_avg,0.088452322,0.118143827,151,159,155
addr-homephone_lag1_lag3_avg,0.091400231,0.120059203,158,167,162.5,,name_lag1_lag3_avg,0.0878459,0.117273202,150,158,154
name-dob_lag1_lag3_avg,0.08913223,0.118840327,157,165,161,,name_lag1_lag14_avg,0.141516374,0.111440014,186,157,171.5
ssn_lag1_lag3_avg,0.088678594,0.118492077,156,164,160,,homephone_#days_since,0.179188926,0.109611701,227.5,156,191.75
ssn-dob_lag1_lag3_avg,0.088620065,0.118317952,155,161,158,,dob-homephone_lag30_count,0.065560897,0.089326136,143,155,149
ssn-firstname_lag1_lag3_avg,0.088614231,0.118405015,154,163,158.5,,name-dob-homephone_lag1_lag30_avg,0.060965728,0.089239074,129,154,141.5
ssn-name_lag1_lag3_avg,0.088534826,0.118317952,153,161,157,,dob-homephone_lag1_lag30_avg,0.061037475,0.088455511,130,153,141.5
ssn-lastname_lag1_lag3_avg,0.088527169,0.118317952,152,161,156.5,,ssn-homephone_lag1_lag30_avg,0.060485745,0.088107261,123,152,137.5
ssn-name-dob_lag1_lag3_avg,0.088452322,0.118143827,151,159,155,,ssn-homephone_lag30_count,0.064923381,0.088020199,136,151,143.5
name_lag1_lag3_avg,0.0878459,0.117273202,150,158,154,,name-homephone_lag1_lag30_avg,0.06127186,0.087759011,132,150,141
homephone_lag1_lag14_avg,0.075148454,0.046752568,149,46,97.5,,dob-addr_lag1_lag30_avg,0.06278766,0.087584886,133,149,141
name-addr_lag30_count,0.067701723,0.084798886,148,133,140.5,,name-dob-addr_lag1_lag30_avg,0.062800423,0.087236636,134,147.5,140.75
name-dob-addr_lag30_count,0.067327673,0.087236636,147,147.5,147.25,,name-dob-addr_lag30_count,0.067327673,0.087236636,147,147.5,147.25
dob-addr_lag30_count,0.06731491,0.087062511,146,146,146,,dob-addr_lag30_count,0.06731491,0.087062511,146,146,146
name-homephone_lag30_count,0.065797835,0.085582448,145,139,142,,ssn-address_lag30_count,0.065267802,0.086975448,139,145,142
name-addr-homephone_lag30_count,0.06563392,0.084102386,144,132,138,,name-addr_lag1_lag30_avg,0.063092515,0.086801323,135,144,139.5
dob-homephone_lag30_count,0.065560897,0.089326136,143,155,149,,name-dob-homephone_lag30_count,0.065492979,0.086453073,142,143,142.5
name-dob-homephone_lag30_count,0.065492979,0.086453073,142,143,142.5,,name-dob-addr-homephone_lag1_lag30_avg,0.060799261,0.086366011,128,142,135
name-dob-addr-homephone_lag30_count,0.065326512,0.084973011,141,135,138,,ssn-addr_lag1_lag30_avg,0.06065987,0.085756573,125,141,133
dob-addr-homephone_lag30_count,0.065322683,0.085495386,140,137,138.5,,name-homephone_lag30_count,0.065797835,0.085582448,145,139,142
ssn-address_lag30_count,0.065267802,0.086975448,139,145,142,,ssn-address_lag1_lag30_avg,0.060745656,0.085582448,126,139,132.5
ssn-addr_lag30_count,0.065183292,0.084885948,138,134,136,,dob-addr-homephone_lag1_lag30_avg,0.060795432,0.085582448,127,139,133
ssn-zip5_lag30_count,0.065178187,0.083754135,137,130.5,133.75,,dob-addr-homephone_lag30_count,0.065322683,0.085495386,140,137,138.5
ssn-homephone_lag30_count,0.064923381,0.088020199,136,151,143.5,,ssn-zip5_lag1_lag30_avg,0.060654765,0.085060073,124,136,130
name-addr_lag1_lag30_avg,0.063092515,0.086801323,135,144,139.5,,name-dob-addr-homephone_lag30_count,0.065326512,0.084973011,141,135,138
name-dob-addr_lag1_lag30_avg,0.062800423,0.087236636,134,147.5,140.75,,ssn-addr_lag30_count,0.065183292,0.084885948,138,134,136
dob-addr_lag1_lag30_avg,0.06278766,0.087584886,133,149,141,,name-addr_lag30_count,0.067701723,0.084798886,148,133,140.5
name-homephone_lag1_lag30_avg,0.06127186,0.087759011,132,150,141,,name-addr-homephone_lag30_count,0.06563392,0.084102386,144,132,138
name-addr-homephone_lag1_lag30_avg,0.061107946,0.083754135,131,130.5,130.75,,ssn-zip5_lag30_count,0.065178187,0.083754135,137,130.5,133.75
dob-homephone_lag1_lag30_avg,0.061037475,0.088455511,130,153,141.5,,name-addr-homephone_lag1_lag30_avg,0.061107946,0.083754135,131,130.5,130.75
name-dob-homephone_lag1_lag30_avg,0.060965728,0.089239074,129,154,141.5,,dob-homephone_#days_since,0.058542442,0.08218701,121,129,125
name-dob-addr-homephone_lag1_lag30_avg,0.060799261,0.086366011,128,142,135,,name-dob-addr_#days_since,0.056643932,0.081403448,117,128,122.5
dob-addr-homephone_lag1_lag30_avg,0.060795432,0.085582448,127,139,133,,ssn-homephone_#days_since,0.056908676,0.08114226,120,127,123.5
ssn-address_lag1_lag30_avg,0.060745656,0.085582448,126,139,132.5,,name-dob-addr_lag14_count,0.048290258,0.080619885,106,125.5,115.75
ssn-addr_lag1_lag30_avg,0.06065987,0.085756573,125,141,133,,dob-addr_#days_since,0.056785146,0.080619885,118,125.5,121.75
ssn-zip5_lag1_lag30_avg,0.060654765,0.085060073,124,136,130,,name-dob-homephone_#days_since,0.056786058,0.08044576,119,124,121.5
ssn-homephone_lag1_lag30_avg,0.060485745,0.088107261,123,152,137.5,,ssn-address_#days_since,0.055951719,0.080358698,115,123,119
homephone_lag1_lag30_avg,0.059509604,0.040832318,122,31,76.5,,name-addr_#days_since,0.055595081,0.08009751,114,121.5,117.75
dob-homephone_#days_since,0.058542442,0.08218701,121,129,125,,dob-addr-homephone_#days_since,0.054441478,0.08009751,113,121.5,117.25
ssn-homephone_#days_since,0.056908676,0.08114226,120,127,123.5,,name-homephone_#days_since,0.05604343,0.079923385,116,120,118
name-dob-homephone_#days_since,0.056786058,0.08044576,119,124,121.5,,name-dob-homephone_lag14_count,0.04753678,0.079662197,102,119,110.5
dob-addr_#days_since,0.056785146,0.080619885,118,125.5,121.75,,name-addr-homephone_#days_since,0.053713618,0.078791572,109,118,113.5
name-dob-addr_#days_since,0.056643932,0.081403448,117,128,122.5,,name-homephone_lag14_count,0.047291365,0.07870451,101,117,109
name-homephone_#days_since,0.05604343,0.079923385,116,120,118,,ssn-zip5_#days_since,0.05410964,0.078617447,110,115,112.5
ssn-address_#days_since,0.055951719,0.080358698,115,123,119,,ssn-addr_#days_since,0.054177011,0.078617447,111,115,113
name-addr_#days_since,0.055595081,0.08009751,114,121.5,117.75,,name-dob-addr_lag1_lag14_avg,0.04623777,0.078617447,96,115,105.5
dob-addr-homephone_#days_since,0.054441478,0.08009751,113,121.5,117.25,,name-dob-addr-homephone_#days_since,0.054379941,0.078530385,112,113,112.5
name-dob-addr-homephone_#days_since,0.054379941,0.078530385,112,113,112.5,,dob-addr-homephone_lag14_count,0.046196108,0.078443322,95,112,103.5
ssn-addr_#days_since,0.054177011,0.078617447,111,115,113,,name-addr-homephone_lag14_count,0.045881225,0.078095072,93,111,102
ssn-zip5_#days_since,0.05410964,0.078617447,110,115,112.5,,dob-homephone_lag14_count,0.04882412,0.07800801,108,110,109
name-addr-homephone_#days_since,0.053713618,0.078791572,109,118,113.5,,dob-addr_lag14_count,0.048568311,0.077920947,107,108.5,107.75
dob-homephone_lag14_count,0.04882412,0.07800801,108,110,109,,name-dob-homephone_lag1_lag14_avg,0.045456212,0.077920947,89,108.5,98.75
dob-addr_lag14_count,0.048568311,0.077920947,107,108.5,107.75,,name-addr_lag14_count,0.04779651,0.077833885,105,106.5,105.75
name-dob-addr_lag14_count,0.048290258,0.080619885,106,125.5,115.75,,ssn-address_lag1_lag14_avg,0.045465421,0.077833885,90,106.5,98.25
name-addr_lag14_count,0.04779651,0.077833885,105,106.5,105.75,,ssn-address_lag14_count,0.04763998,0.07765976,103,105,104
ssn-homephone_lag14_count,0.047781558,0.077137385,104,104,104,,ssn-homephone_lag14_count,0.047781558,0.077137385,104,104,104
ssn-address_lag14_count,0.04763998,0.07765976,103,105,104,,ssn-zip5_lag1_lag14_avg,0.044272346,0.076702072,85,102.5,93.75
name-dob-homephone_lag14_count,0.04753678,0.079662197,102,119,110.5,,name-dob-addr-homephone_lag1_lag14_avg,0.044211538,0.076702072,84,102.5,93.25
name-homephone_lag14_count,0.047291365,0.07870451,101,117,109,,ssn-zip5_lag14_count,0.046446904,0.076527947,99,101,100
dob-homephone_lag1_lag14_avg,0.046600059,0.075744384,100,99,99.5,,ssn-addr_lag14_count,0.046444078,0.076440885,98,100,99
ssn-zip5_lag14_count,0.046446904,0.076527947,99,101,100,,dob-homephone_lag1_lag14_avg,0.046600059,0.075744384,100,99,99.5
ssn-addr_lag14_count,0.046444078,0.076440885,98,100,99,,dob-addr_lag1_lag14_avg,0.046437694,0.075657322,97,98,97.5
dob-addr_lag1_lag14_avg,0.046437694,0.075657322,97,98,97.5,,name-dob-addr-homephone_lag14_count,0.046125638,0.075396134,94,97,95.5
name-dob-addr_lag1_lag14_avg,0.04623777,0.078617447,96,115,105.5,,name-addr_lag1_lag14_avg,0.045719225,0.075222009,92,96,94
dob-addr-homephone_lag14_count,0.046196108,0.078443322,95,112,103.5,,ssn-homephone_lag1_lag14_avg,0.045536803,0.075047884,91,95,93
name-dob-addr-homephone_lag14_count,0.046125638,0.075396134,94,97,95.5,,name-homephone_lag1_lag14_avg,0.045140053,0.074525509,88,94,91
name-addr-homephone_lag14_count,0.045881225,0.078095072,93,111,102,,ssn-addr_lag1_lag14_avg,0.044351477,0.073829009,87,93,90
name-addr_lag1_lag14_avg,0.045719225,0.075222009,92,96,94,,dob-addr-homephone_lag1_lag14_avg,0.044285837,0.073654884,86,92,89
ssn-homephone_lag1_lag14_avg,0.045536803,0.075047884,91,95,93,,name-addr-homephone_lag1_lag14_avg,0.043891276,0.073219572,83,91,87
ssn-address_lag1_lag14_avg,0.045465421,0.077833885,90,106.5,98.25,,dob-homephone_lag7_count,0.030274786,0.061814383,81,90,85.5
name-dob-homephone_lag1_lag14_avg,0.045456212,0.077920947,89,108.5,98.75,,name-dob-addr_lag7_count,0.030191552,0.06172732,80,89,84.5
name-homephone_lag1_lag14_avg,0.045140053,0.074525509,88,94,91,,dob-addr_lag7_count,0.030331217,0.061640258,82,88,85
ssn-addr_lag1_lag14_avg,0.044351477,0.073829009,87,93,90,,name-addr_lag7_count,0.0300043,0.06137907,79,87,83
dob-addr-homephone_lag1_lag14_avg,0.044285837,0.073654884,86,92,89,,ssn-address_lag7_count,0.029616211,0.061204945,76,86,81
ssn-zip5_lag1_lag14_avg,0.044272346,0.076702072,85,102.5,93.75,,name-dob-homephone_lag7_count,0.029689325,0.061117883,78,85,81.5
name-dob-addr-homephone_lag1_lag14_avg,0.044211538,0.076702072,84,102.5,93.25,,ssn-homephone_lag7_count,0.029561512,0.060943758,75,83.5,79.25
name-addr-homephone_lag1_lag14_avg,0.043891276,0.073219572,83,91,87,,name-homephone_lag7_count,0.029624324,0.060943758,77,83.5,80.25
dob-addr_lag7_count,0.030331217,0.061640258,82,88,85,,ssn-addr_lag7_count,0.029022089,0.060595508,71,81.5,76.25
dob-homephone_lag7_count,0.030274786,0.061814383,81,90,85.5,,ssn-zip5_lag7_count,0.029064481,0.060595508,74,81.5,77.75
name-dob-addr_lag7_count,0.030191552,0.06172732,80,89,84.5,,dob-addr-homephone_lag7_count,0.029026008,0.060508445,72,80,76
name-addr_lag7_count,0.0300043,0.06137907,79,87,83,,name-addr-homephone_lag7_count,0.028928827,0.060421383,70,78.5,74.25
name-dob-homephone_lag7_count,0.029689325,0.061117883,78,85,81.5,,name-dob-addr-homephone_lag7_count,0.029033666,0.060421383,73,78.5,75.75
name-homephone_lag7_count,0.029624324,0.060943758,77,83.5,80.25,,dob-addr_lag1_lag7_avg,0.026720537,0.057983632,66,77,71.5
ssn-address_lag7_count,0.029616211,0.061204945,76,86,81,,name-dob-addr_lag1_lag7_avg,0.026659001,0.05789657,65,76,70.5
ssn-homephone_lag7_count,0.029561512,0.060943758,75,83.5,79.25,,name-addr_lag1_lag7_avg,0.026446952,0.057722445,63,74.5,68.75
ssn-zip5_lag7_count,0.029064481,0.060595508,74,81.5,77.75,,dob-homephone_lag1_lag7_avg,0.026484876,0.057722445,64,74.5,69.25
name-dob-addr-homephone_lag7_count,0.029033666,0.060421383,73,78.5,75.75,,ssn-address_lag1_lag7_avg,0.025962866,0.057374195,61,73,67
dob-addr-homephone_lag7_count,0.029026008,0.060508445,72,80,76,,ssn-homephone_lag1_lag7_avg,0.02583797,0.057287132,59,72,65.5
ssn-addr_lag7_count,0.029022089,0.060595508,71,81.5,76.25,,name-dob-homephone_lag1_lag7_avg,0.026041632,0.05720007,62,71,66.5
name-addr-homephone_lag7_count,0.028928827,0.060421383,70,78.5,74.25,,name-homephone_lag1_lag7_avg,0.025905888,0.057113007,60,70,65
Unnamed: 0,0.027044543,0.034825004,68.5,8,38.25,,dob-addr-homephone_lag1_lag7_avg,0.025548612,0.057025945,57,69,63
record,0.027044543,0.034825004,68.5,8,38.25,,name-dob-addr-homephone_lag1_lag7_avg,0.025552441,0.056764757,58,67,62.5
date,0.026995951,0.034912067,67,15,41,,ssn-addr_lag1_lag7_avg,0.025449425,0.056764757,56,67,61.5
dob-addr_lag1_lag7_avg,0.026720537,0.057983632,66,77,71.5,,ssn-zip5_lag1_lag7_avg,0.02540986,0.056764757,55,67,61
name-dob-addr_lag1_lag7_avg,0.026659001,0.05789657,65,76,70.5,,name-addr-homephone_lag1_lag7_avg,0.025371752,0.056677695,54,65,59.5
dob-homephone_lag1_lag7_avg,0.026484876,0.057722445,64,74.5,69.25,,dob_lag1_lag30_avg,0.099828238,0.056068257,161,64,112.5
name-addr_lag1_lag7_avg,0.026446952,0.057722445,63,74.5,68.75,,dob_lag1_lag7_avg,0.119221357,0.055720007,173,63,118
name-dob-homephone_lag1_lag7_avg,0.026041632,0.05720007,62,71,66.5,,homephone_lag1_lag3_avg,0.09683686,0.054849382,160,62,111
ssn-address_lag1_lag7_avg,0.025962866,0.057374195,61,73,67,,dob_lag1_lag14_avg,0.119389464,0.054239944,174,61,117.5
name-homephone_lag1_lag7_avg,0.025905888,0.057113007,60,70,65,,dob_lag1_lag3_avg,0.092115968,0.050060944,159,60,109.5
ssn-homephone_lag1_lag7_avg,0.02583797,0.057287132,59,72,65.5,,homephone_lag1_lag7_avg,0.104764173,0.047710256,163,59,111
name-dob-addr-homephone_lag1_lag7_avg,0.025552441,0.056764757,58,67,62.5,,name-dob-addr_lag3_count,0.015159455,0.047449068,51,58,54.5
dob-addr-homephone_lag1_lag7_avg,0.025548612,0.057025945,57,69,63,,dob-addr_lag3_count,0.015231202,0.047362006,52,56.5,54.25
ssn-addr_lag1_lag7_avg,0.025449425,0.056764757,56,67,61.5,,name-addr_lag3_count,0.015261651,0.047362006,53,56.5,54.75
ssn-zip5_lag1_lag7_avg,0.02540986,0.056764757,55,67,61,,dob-homephone_lag3_count,0.0150558,0.047274943,50,55,52.5
name-addr-homephone_lag1_lag7_avg,0.025371752,0.056677695,54,65,59.5,,name-dob-homephone_lag3_count,0.014860981,0.047187881,47,54,50.5
name-addr_lag3_count,0.015261651,0.047362006,53,56.5,54.75,,ssn-address_lag3_count,0.01494148,0.047100818,49,53,51
dob-addr_lag3_count,0.015231202,0.047362006,52,56.5,54.25,,name-homephone_lag3_count,0.014902643,0.047013756,48,51,49.5
name-dob-addr_lag3_count,0.015159455,0.047449068,51,58,54.5,,ssn-addr_lag3_count,0.014776289,0.047013756,45,51,48
dob-homephone_lag3_count,0.0150558,0.047274943,50,55,52.5,,ssn-zip5_lag3_count,0.014848036,0.047013756,46,51,48.5
ssn-address_lag3_count,0.01494148,0.047100818,49,53,51,,ssn-homephone_lag3_count,0.014738729,0.046839631,44,48,46
name-homephone_lag3_count,0.014902643,0.047013756,48,51,49.5,,dob-addr-homephone_lag3_count,0.014531875,0.046839631,41,48,44.5
name-dob-homephone_lag3_count,0.014860981,0.047187881,47,54,50.5,,name-dob-addr-homephone_lag3_count,0.01453698,0.046839631,42,48,45
ssn-zip5_lag3_count,0.014848036,0.047013756,46,51,48.5,,homephone_lag1_lag14_avg,0.075148454,0.046752568,149,46,97.5
ssn-addr_lag3_count,0.014776289,0.047013756,45,51,48,,name-addr-homephone_lag3_count,0.014592682,0.046665506,43,45,44
ssn-homephone_lag3_count,0.014738729,0.046839631,44,48,46,,name-dob-addr_lag1_lag3_avg,0.010320966,0.042399443,39,44,41.5
name-addr-homephone_lag3_count,0.014592682,0.046665506,43,45,44,,dob-addr_lag1_lag3_avg,0.010314584,0.04231238,38,42.5,40.25
name-dob-addr-homephone_lag3_count,0.01453698,0.046839631,42,48,45,,name-addr_lag1_lag3_avg,0.010399641,0.04231238,40,42.5,41.25
dob-addr-homephone_lag3_count,0.014531875,0.046839631,41,48,44.5,,dob-homephone_lag1_lag3_avg,0.009959953,0.042051193,36,41,38.5
name-addr_lag1_lag3_avg,0.010399641,0.04231238,40,42.5,41.25,,name-dob-homephone_lag1_lag3_avg,0.009907351,0.04196413,35,40,37.5
name-dob-addr_lag1_lag3_avg,0.010320966,0.042399443,39,44,41.5,,ssn-address_lag1_lag3_avg,0.009983473,0.041877068,37,39,38
dob-addr_lag1_lag3_avg,0.010314584,0.04231238,38,42.5,40.25,,name-homephone_lag1_lag3_avg,0.009878269,0.041790005,32,36,34
ssn-address_lag1_lag3_avg,0.009983473,0.041877068,37,39,38,,ssn-addr_lag1_lag3_avg,0.009898964,0.041790005,34,36,35
dob-homephone_lag1_lag3_avg,0.009959953,0.042051193,36,41,38.5,,dob-addr-homephone_lag1_lag3_avg,0.009748541,0.041790005,30,36,33
name-dob-homephone_lag1_lag3_avg,0.009907351,0.04196413,35,40,37.5,,ssn-zip5_lag1_lag3_avg,0.009888753,0.041790005,33,36,34.5
ssn-addr_lag1_lag3_avg,0.009898964,0.041790005,34,36,35,,name-dob-addr-homephone_lag1_lag3_avg,0.009749818,0.041790005,31,36,33.5
ssn-zip5_lag1_lag3_avg,0.009888753,0.041790005,33,36,34.5,,name-addr-homephone_lag1_lag3_avg,0.00972967,0.04161588,29,32.5,30.75
name-homephone_lag1_lag3_avg,0.009878269,0.041790005,32,36,34,,ssn-homephone_lag1_lag3_avg,0.009709249,0.04161588,28,32.5,30.25
name-dob-addr-homephone_lag1_lag3_avg,0.009749818,0.041790005,31,36,33.5,,homephone_lag1_lag30_avg,0.059509604,0.040832318,122,31,76.5
dob-addr-homephone_lag1_lag3_avg,0.009748541,0.041790005,30,36,33,,dob-homephone_lag1_count,0.005791071,0.03848163,26,30,28
name-addr-homephone_lag1_lag3_avg,0.00972967,0.04161588,29,32.5,30.75,,dob-addr_lag1_count,0.00570018,0.038394567,20,29,24.5
ssn-homephone_lag1_lag3_avg,0.009709249,0.04161588,28,32.5,30.25,,name-dob-homephone_lag1_count,0.00565013,0.038307505,18,26.5,22.25
random,0.009493195,0.030733066,27,1,14,,ssn-homephone_lag1_count,0.005725979,0.038307505,22,26.5,24.25
dob-homephone_lag1_count,0.005791071,0.03848163,26,30,28,,name-dob-addr_lag1_count,0.005622051,0.038307505,17,26.5,21.75
ssn-zip5_lag1_count,0.005742845,0.038220442,25,22.5,23.75,,name-homephone_lag1_count,0.005720874,0.038307505,21,26.5,23.75
ssn-address_lag1_count,0.005741569,0.038220442,24,22.5,23.25,,ssn-zip5_lag1_count,0.005742845,0.038220442,25,22.5,23.75
name-addr_lag1_count,0.005732635,0.038220442,23,22.5,22.75,,name-dob-addr-homephone_lag1_count,0.005483663,0.038220442,15,22.5,18.75
ssn-homephone_lag1_count,0.005725979,0.038307505,22,26.5,24.25,,ssn-address_lag1_count,0.005741569,0.038220442,24,22.5,23.25
name-homephone_lag1_count,0.005720874,0.038307505,21,26.5,23.75,,name-addr_lag1_count,0.005732635,0.038220442,23,22.5,22.75
dob-addr_lag1_count,0.00570018,0.038394567,20,29,24.5,,ssn-addr_lag1_count,0.005660888,0.03813338,19,19,19
ssn-addr_lag1_count,0.005660888,0.03813338,19,19,19,,name-addr-homephone_lag1_count,0.005559512,0.03813338,16,19,17.5
name-dob-homephone_lag1_count,0.00565013,0.038307505,18,26.5,22.25,,dob-addr-homephone_lag1_count,0.005479834,0.03813338,14,19,16.5
name-dob-addr_lag1_count,0.005622051,0.038307505,17,26.5,21.75,,date,0.026995951,0.034912067,67,15,41
name-addr-homephone_lag1_count,0.005559512,0.03813338,16,19,17.5,,name-addr_lag0_count,0.001850375,0.034912067,10,15,12.5
name-dob-addr-homephone_lag1_count,0.005483663,0.038220442,15,22.5,18.75,,ssn-address_lag0_count,0.001858033,0.034912067,12,15,13.5
dob-addr-homephone_lag1_count,0.005479834,0.03813338,14,19,16.5,,dob-homephone_lag0_count,0.001985937,0.034912067,13,15,14
dob-homephone_lag0_count,0.001985937,0.034912067,13,15,14,,ssn-zip5_lag0_count,0.001856757,0.034912067,11,15,13
ssn-address_lag0_count,0.001858033,0.034912067,12,15,13.5,,Unnamed: 0,0.027044543,0.034825004,68.5,8,38.25
ssn-zip5_lag0_count,0.001856757,0.034912067,11,15,13,,ssn-addr_lag0_count,0.001773523,0.034825004,1,8,4.5
name-addr_lag0_count,0.001850375,0.034912067,10,15,12.5,,name-dob-addr-homephone_lag0_count,0.001825852,0.034825004,8.5,8,8.25
dob-addr-homephone_lag0_count,0.001825852,0.034825004,8.5,8,8.25,,dob-addr-homephone_lag0_count,0.001825852,0.034825004,8.5,8,8.25
name-dob-addr-homephone_lag0_count,0.001825852,0.034825004,8.5,8,8.25,,name-addr-homephone_lag0_count,0.001791391,0.034825004,3,8,5.5
name-dob-homephone_lag0_count,0.001820746,0.034825004,7,8,7.5,,name-dob-homephone_lag0_count,0.001820746,0.034825004,7,8,7.5
name-dob-addr_lag0_count,0.001813089,0.034737942,6,2.5,4.25,,record,0.027044543,0.034825004,68.5,8,38.25
dob-addr_lag0_count,0.001811812,0.034825004,5,8,6.5,,dob-addr_lag0_count,0.001811812,0.034825004,5,8,6.5
ssn-homephone_lag0_count,0.001792668,0.034737942,4,2.5,3.25,,name-homephone_lag0_count,0.001782457,0.034825004,2,8,5
name-addr-homephone_lag0_count,0.001791391,0.034825004,3,8,5.5,,ssn-homephone_lag0_count,0.001792668,0.034737942,4,2.5,3.25
name-homephone_lag0_count,0.001782457,0.034825004,2,8,5,,name-dob-addr_lag0_count,0.001813089,0.034737942,6,2.5,4.25
ssn-addr_lag0_count,0.001773523,0.034825004,1,8,4.5,,random,0.009493195,0.030733066,27,1,14
